1,H001061,H001061
1,M001183,H001061
1,M001153,H001061
1,D000607,H001061
1,M000355,H001061
1,H001069,H001061
1,T000250,H001061
1,T000464,H001061
1,B001261,H001061
1,M001170,H001061
1,B000575,H001061
1,W000805,H001061
1,G000359,H001061
1,H000338,H001061
1,W000437,H001061
1,S000320,H001061
1,J000293,H001061
1,C001056,H001061
1,C001098,H001061
1,I000055,H001061
1,K000360,H001061
1,P000449,H001061
1,H001041,H001061
1,F000444,H001061
1,R000595,H001061
1,R000307,H001061
1,I000024,H001061
1,T000461,H001061
1,B001236,H001061
1,R000584,H001061
1,M000934,H001061
1,S001184,H001061
1,L000577,H001061
1,C001035,H001061
1,B001135,H001061
1,A000360,H001061
1,C001071,H001061
1,C000880,H001061
1,F000463,H001061
1,V000127,H001061
1,G000386,H001061
1,C000542,H001061
1,M000303,H001061
1,S001141,H001061
1,C000567,H001061
1,E000285,H001061
1,P000603,H001061
1,A000368,H001061
1,D000618,H001061
1,C001095,H001061
1,C001075,H001061
1,R000605,H001061
1,S001198,H001061
1,L000575,H001061
1,C001047,H001061
1,G000562,H001061
1,P000612,H001061
1,E000295,H001061
1,T000476,H001061
1,S001197,H001061
10,S001184,S001184
10,C001070,S001184
10,W000779,S001184
10,G000359,S001184
10,B001267,S001184
100,V000127,V000127
1000,R000584,R000584
1000,C001088,R000584
1000,A000368,R000584
1000,P000595,R000584
1000,U000039,R000584
1000,G000562,R000584
1001,R000584,R000584
1001,P000595,R000584
1001,G000562,R000584
1001,S001181,R000584
1001,A000368,R000584
1001,H001042,R000584
1001,C001088,R000584
1002,C000141,C000141
1002,E000285,C000141
1002,C000174,C000141
1002,R000584,C000141
1002,B000575,C000141
1002,R000307,C000141
1002,W000437,C000141
1002,M000934,C000141
1002,C001047,C000141
1002,I000055,C000141
1002,V000127,C000141
1002,B001236,C000141
1003,C001035,C001035
1003,W000779,C001035
1004,K000360,K000360
1004,D000563,K000360
1004,I000024,K000360
1004,M001183,K000360
1004,M000133,K000360
1004,W000817,K000360
1004,C001056,K000360
1004,S000770,K000360
1005,W000779,W000779
1006,F000062,F000062
1006,B000711,F000062
1006,B001277,F000062
1006,S000148,F000062
1006,G000555,F000062
1006,M001169,F000062
1006,M000133,F000062
1006,N000032,F000062
1007,P000449,P000449
1007,B000944,P000449
1008,R000584,R000584
1009,H000338,H000338
101,V000127,V000127
1010,M001183,M001183
1010,V000127,M001183
1010,L000575,M001183
1010,S001184,M001183
1011,C000127,C000127
1011,C001035,C000127
1011,S001181,C000127
1012,B000944,B000944
1012,D000563,B000944
1012,R000146,B000944
1012,S000148,B000944
1012,M001111,B000944
1012,W000779,B000944
1012,S000770,B000944
1012,C001070,B000944
1012,C000174,B000944
1012,C000127,B000944
1012,B001267,B000944
1012,M000639,B000944
1012,C000141,B000944
1012,N000032,B000944
1012,W000805,B000944
1012,K000383,B000944
1012,T000464,B000944
1012,S000033,B000944
1012,B001288,B000944
1012,K000367,B000944
1012,P000595,B000944
1012,M001176,B000944
1012,M000133,B000944
1012,B000711,B000944
1012,W000817,B000944
1012,W000802,B000944
1012,C001088,B000944
1012,F000457,B000944
1012,G000555,B000944
1012,R000122,B000944
1012,H001042,B000944
1012,S001194,B000944
1012,B001277,B000944
1012,U000039,B000944
1012,L000174,B000944
1012,S001181,B000944
1012,H001046,B000944
1012,M001169,B000944
1012,B001230,B000944
1012,H001069,B000944
1012,M000702,B000944
1012,K000384,B000944
1012,F000062,B000944
1012,M001170,B000944
1013,C000567,C000567
1013,S000148,C000567
1013,W000437,C000567
1013,C001047,C000567
1013,G000555,C000567
1013,S000770,C000567
1013,N000032,C000567
1013,M000934,C000567
1013,K000360,C000567
1013,C001088,C000567
1013,B001267,C000567
1013,M001176,C000567
1013,B001236,C000567
1013,B001277,C000567
1013,M001169,C000567
1013,B000575,C000567
1013,A000368,C000567
1013,G000359,C000567
1013,M000133,C000567
1013,T000464,C000567
1014,F000062,F000062
1014,C001035,F000062
1014,B000711,F000062
1014,K000367,F000062
1014,K000360,F000062
1014,H001042,F000062
1014,G000555,F000062
1015,H000338,H000338
1016,J000293,J000293
1016,B001261,J000293
1016,B000575,J000293
1016,C000542,J000293
1016,C000567,J000293
1016,C001056,J000293
1016,D000618,J000293
1016,E000285,J000293
1016,E000295,J000293
1016,G000562,J000293
1016,G000359,J000293
1016,G000386,J000293
1016,H000338,J000293
1016,H001041,J000293
1016,I000055,J000293
1016,M000303,J000293
1016,M000355,J000293
1016,P000612,J000293
1016,R000307,J000293
1016,S001184,J000293
1016,T000250,J000293
1016,T000476,J000293
1016,W000437,J000293
1016,I000024,J000293
1016,R000605,J000293
1016,F000463,J000293
1016,S000320,J000293
1016,R000584,J000293
1016,C000880,J000293
1016,S001141,J000293
1016,S001198,J000293
1016,K000360,J000293
1017,H001046,H001046
1018,S000148,S000148
1019,P000603,P000603
1019,M000355,P000603
1019,L000577,P000603
102,V000127,V000127
1020,V000127,V000127
1020,C000141,V000127
1020,C001035,V000127
1020,R000307,V000127
1020,M000934,V000127
1020,B001135,V000127
1020,B000575,V000127
1020,H001046,V000127
1020,K000367,V000127
1020,A000360,V000127
1020,C000880,V000127
1020,C001075,V000127
1020,W000437,V000127
1020,A000368,V000127
1020,B001267,V000127
1021,D000563,D000563
1021,M001169,D000563
1021,C001088,D000563
1022,D000563,D000563
1022,M001169,D000563
1023,M000934,M000934
1023,G000555,M000934
1024,K000360,K000360
1024,P000449,K000360
1025,T000464,T000464
1026,B001261,B001261
1026,M001183,B001261
1026,H001061,B001261
1026,H001069,B001261
1026,E000285,B001261
1027,K000360,K000360
1027,G000555,K000360
1028,P000449,P000449
1029,H001061,H001061
1029,A000360,H001061
103,H001041,H001041
1030,W000779,W000779
1030,P000603,W000779
1031,M001111,M001111
1031,A000360,M001111
1032,G000386,G000386
1032,L000577,G000386
1032,V000127,G000386
1032,E000285,G000386
1032,F000463,G000386
1032,C001071,G000386
1032,C001095,G000386
1032,I000024,G000386
1032,W000437,G000386
1032,C001047,G000386
1032,B001236,G000386
1032,S001141,G000386
1032,P000612,G000386
1032,C000567,G000386
1032,T000250,G000386
1032,E000295,G000386
1032,S001184,G000386
1032,S000320,G000386
1033,C001088,C001088
1033,A000360,C001088
1033,U000039,C001088
1033,W000779,C001088
1033,H001046,C001088
1034,W000437,W000437
1035,M000355,M000355
1035,B001135,M000355
1036,G000562,G000562
1036,H000338,G000562
1036,H001041,G000562
1036,C000880,G000562
1036,R000584,G000562
1036,E000285,G000562
1036,L000577,G000562
1036,D000618,G000562
1036,B001261,G000562
1037,R000584,R000584
1038,R000584,R000584
1038,G000562,R000584
1039,R000584,R000584
104,V000127,V000127
1040,H001041,H001041
1040,M001183,H001041
1040,G000562,H001041
1040,A000368,H001041
1040,D000618,H001041
1040,S001198,H001041
1040,C000880,H001041
1040,C001095,H001041
1040,B001236,H001041
1040,L000575,H001041
1041,S000033,S000033
1041,M001176,S000033
1041,M000133,S000033
1042,M000639,M000639
1042,M000133,M000639
1042,B001288,M000639
1042,S000033,M000639
1042,M000702,M000639
1042,C000141,M000639
1042,W000802,M000639
1042,W000817,M000639
1042,B001277,M000639
1042,R000122,M000639
1042,N000032,M000639
1042,M001176,M000639
1042,S001194,M000639
1043,M001176,M001176
1043,B001230,M001176
1043,S000033,M001176
1043,S000770,M001176
1044,M000133,M000133
1045,W000437,W000437
1045,I000055,W000437
1045,C000880,W000437
1045,R000584,W000437
1045,B000575,W000437
1045,C000567,W000437
1045,S001141,W000437
1045,R000307,W000437
1045,P000612,W000437
1046,C000127,C000127
1046,M001153,C000127
1047,A000360,A000360
1048,A000360,A000360
1049,H001069,H001069
1049,B001236,H001069
1049,U000039,H001069
1049,F000444,H001069
1049,E000285,H001069
1049,S000770,H001069
1049,C001035,H001069
1049,W000779,H001069
1049,K000383,H001069
1049,K000367,H001069
1049,W000805,H001069
1049,B001230,H001069
1049,L000174,H001069
1049,D000563,H001069
1049,D000607,H001069
1049,C000567,H001069
1049,V000127,H001069
105,V000127,V000127
105,C001075,V000127
1050,S001194,S001194
1050,B000944,S001194
1051,D000563,D000563
1052,F000457,F000457
1053,F000457,F000457
1054,S001181,S001181
1054,A000360,S001181
1055,F000457,F000457
1056,C000141,C000141
1056,D000563,C000141
1056,B001277,C000141
1056,C001088,C000141
1056,S000770,C000141
1056,M000702,C000141
1056,W000817,C000141
1056,G000555,C000141
1056,W000779,C000141
1056,M001169,C000141
1056,B000711,C000141
1056,K000384,C000141
1056,M000639,C000141
1056,H001046,C000141
1056,R000146,C000141
1056,M000133,C000141
1056,F000457,C000141
1056,C000127,C000141
1056,B001230,C000141
1056,S000033,C000141
1056,M001176,C000141
1056,H001042,C000141
1056,L000174,C000141
1056,M001111,C000141
1056,B000944,C000141
1057,W000779,W000779
1057,T000464,W000779
1058,W000779,W000779
1058,M001176,W000779
1058,S001194,W000779
1058,K000383,W000779
1059,H001042,H001042
1059,D000563,H001042
1059,F000457,H001042
1059,S000033,H001042
106,V000127,V000127
1060,H001042,H001042
1060,M000133,H001042
1060,S000148,H001042
1060,G000555,H001042
1060,S000033,H001042
1061,H001042,H001042
1061,M000133,H001042
1061,S000148,H001042
1061,G000555,H001042
1061,H001046,H001042
1061,S000770,H001042
1061,B001277,H001042
1061,K000367,H001042
1062,H001042,H001042
1062,R000122,H001042
1062,M000133,H001042
1062,S000148,H001042
1062,G000555,H001042
1062,M001111,H001042
1062,F000457,H001042
1062,H001046,H001042
1062,C000141,H001042
1062,K000367,H001042
1062,S000033,H001042
1062,M001170,H001042
1062,S000770,H001042
1063,F000457,F000457
1064,G000555,G000555
1065,G000555,G000555
1065,C001070,G000555
1065,H001042,G000555
1065,S000148,G000555
1066,I000055,I000055
1066,C001088,I000055
1067,B000575,B000575
1067,R000307,B000575
1067,T000476,B000575
1067,H001041,B000575
1068,R000584,R000584
1068,H001046,R000584
1069,B001277,B001277
1069,W000817,B001277
1069,B001230,B001277
1069,F000062,B001277
107,V000127,V000127
1070,D000563,D000563
1071,T000461,T000461
1071,A000368,T000461
1071,G000562,T000461
1071,C000880,T000461
1071,C001071,T000461
1071,H000338,T000461
1072,M001169,M001169
1072,D000563,M001169
1072,M000133,M001169
1072,B001277,M001169
1072,W000802,M001169
1072,C001088,M001169
1072,H001042,M001169
1072,M001176,M001169
1073,C000174,C000174
1073,J000293,C000174
1073,W000805,C000174
1073,C000542,C000174
1073,B001288,C000174
1073,M001170,C000174
1073,T000476,C000174
1073,B001230,C000174
1074,B001230,B001230
1074,P000595,B001230
1074,M000133,B001230
1074,W000817,B001230
1074,B001277,B001230
1074,M001169,B001230
1074,J000293,B001230
1074,K000367,B001230
1074,F000457,B001230
1074,S000770,B001230
1075,G000555,G000555
1076,K000367,K000367
1076,M000702,K000367
1076,H001042,K000367
1076,B001277,K000367
1077,B001135,B001135
1077,B001267,B001135
1077,H000338,B001135
1077,D000607,B001135
1078,H001046,H001046
1079,C000141,C000141
1079,C001095,C000141
108,A000360,A000360
108,B001267,A000360
108,B001135,A000360
108,K000383,A000360
108,I000055,A000360
108,B001288,A000360
108,K000360,A000360
108,H000338,A000360
108,P000612,A000360
108,E000285,A000360
108,W000805,A000360
108,P000449,A000360
1080,C001098,C001098
1081,B001288,B001288
1081,P000595,B001288
1081,M001176,B001288
1081,M000133,B001288
1081,M000702,B001288
1081,M001111,B001288
1081,C000141,B001288
1081,F000062,B001288
1081,C000127,B001288
1081,C001070,B001288
1082,R000595,R000595
1082,V000127,R000595
1082,B001261,R000595
1082,T000461,R000595
1082,C001075,R000595
1082,F000444,R000595
1082,C001056,R000595
1082,H000338,R000595
1082,J000293,R000595
1082,M000303,R000595
1082,B001135,R000595
1082,K000360,R000595
1082,M000934,R000595
1082,T000476,R000595
1082,A000368,R000595
1082,I000024,R000595
1082,S001184,R000595
1082,G000386,R000595
1082,E000295,R000595
1082,D000618,R000595
1082,B001236,R000595
1082,S001141,R000595
1083,N000032,N000032
1083,W000802,N000032
1083,B001277,N000032
1083,F000457,N000032
1083,H001042,N000032
1083,B001230,N000032
1083,R000122,N000032
1083,K000367,N000032
1083,S001181,N000032
1083,L000174,N000032
1083,B000711,N000032
1083,B000944,N000032
1083,U000039,N000032
1083,S000033,N000032
1083,D000563,N000032
1083,M001176,N000032
1083,K000383,N000032
1083,S000770,N000032
1084,R000122,R000122
1084,G000386,R000122
1085,M001111,M001111
1085,C001035,M001111
1085,D000563,M001111
1085,T000464,M001111
1085,B000944,M001111
1085,C001088,M001111
1085,S000033,M001111
1085,B001230,M001111
1085,K000383,M001111
1085,B000711,M001111
1085,B001277,M001111
1085,S000148,M001111
1085,S001194,M001111
1085,B001267,M001111
1085,W000805,M001111
1085,P000595,M001111
1085,M000639,M001111
1085,H001042,M001111
1085,C000127,M001111
1085,F000457,M001111
1085,M000133,M001111
1085,C000141,M001111
1086,H001041,H001041
1086,T000464,H001041
1086,P000449,H001041
1086,R000605,H001041
1086,K000360,H001041
1087,W000802,W000802
1087,F000062,W000802
1087,K000360,W000802
1088,G000555,G000555
1088,B001288,G000555
1088,W000779,G000555
1088,B000944,G000555
1088,M000133,G000555
1088,P000595,G000555
1088,B001277,G000555
1088,M001176,G000555
1088,M000639,G000555
1088,H001042,G000555
1088,B001267,G000555
1088,D000563,G000555
1089,H000338,H000338
1089,B001267,H000338
1089,A000368,H000338
1089,B001288,H000338
1089,C001071,H000338
1089,S000148,H000338
109,H001041,H001041
1090,B001288,B001288
1090,C001098,B001288
1090,R000307,B001288
1090,B001236,B001288
1090,G000562,B001288
1090,M000639,B001288
1091,F000062,F000062
1092,F000062,F000062
1093,F000062,F000062
1094,F000062,F000062
1095,F000062,F000062
1096,F000062,F000062
1097,F000062,F000062
1098,F000062,F000062
1099,S001184,S001184
1099,S001181,S001184
1099,B001267,S001184
1099,H000338,S001184
1099,D000607,S001184
1099,I000055,S001184
1099,C001088,S001184
1099,R000307,S001184
1099,T000464,S001184
1099,M001153,S001184
1099,S000148,S001184
1099,B001135,S001184
1099,F000444,S001184
1099,M000303,S001184
1099,L000575,S001184
1099,C001035,S001184
1099,A000368,S001184
1099,F000463,S001184
1099,H001061,S001184
1099,K000360,S001184
1099,C000880,S001184
1099,C000174,S001184
1099,W000437,S001184
1099,C000542,S001184
1099,C001047,S001184
1099,B000575,S001184
1099,P000449,S001184
1099,I000024,S001184
1099,M001183,S001184
1099,V000127,S001184
1099,R000584,S001184
1099,M000934,S001184
1099,T000476,S001184
1099,D000618,S001184
1099,C001095,S001184
1099,J000293,S001184
1099,B001236,S001184
1099,G000562,S001184
1099,H001069,S001184
1099,C000567,S001184
1099,E000285,S001184
1099,W000802,S001184
1099,B001261,S001184
1099,M001170,S001184
1099,S001141,S001184
1099,T000461,S001184
1099,G000386,S001184
1099,N000032,S001184
1099,K000384,S001184
11,B000575,B000575
11,B001236,B000575
11,C000542,B000575
11,C000880,B000575
11,I000024,B000575
11,J000293,B000575
11,M001153,B000575
11,R000307,B000575
11,F000463,B000575
11,A000368,B000575
11,E000285,B000575
11,G000359,B000575
11,I000055,B000575
11,C001056,B000575
11,H000338,B000575
11,M000934,B000575
11,S001184,B000575
11,C000567,B000575
11,P000603,B000575
11,L000575,B000575
11,P000612,B000575
11,R000584,B000575
11,C001047,B000575
11,C001095,B000575
11,C001075,B000575
110,H001041,H001041
1100,T000250,T000250
1100,H001069,T000250
1101,B001267,B001267
1101,H000338,B001267
1102,R000122,R000122
1102,W000817,R000122
1102,D000563,R000122
1102,M001169,R000122
1103,D000618,D000618
1103,T000464,D000618
1103,R000584,D000618
1103,C000880,D000618
1104,D000618,D000618
1104,T000464,D000618
1104,R000584,D000618
1105,H001041,H001041
1105,M001111,H001041
1106,P000449,P000449
1106,W000805,P000449
1106,A000368,P000449
1106,P000595,P000449
1107,S000148,S000148
1107,G000555,S000148
1108,R000146,R000146
1108,H001041,R000146
1109,V000127,V000127
111,H001041,H001041
111,R000146,H001041
1110,E000285,E000285
1110,B001267,E000285
1110,B001261,E000285
1110,D000618,E000285
1110,T000464,E000285
1110,M001176,E000285
1110,T000476,E000285
1110,S000770,E000285
1110,B001236,E000285
1110,K000367,E000285
1110,I000024,E000285
1110,P000595,E000285
1110,B001135,E000285
1110,H001041,E000285
1110,J000293,E000285
1110,H001046,E000285
1110,D000607,E000285
1110,F000062,E000285
1110,U000039,E000285
1110,B001230,E000285
1110,W000779,E000285
1110,B000711,E000285
1110,F000457,E000285
1110,S001198,E000285
1111,D000607,D000607
1111,I000024,D000607
1112,F000457,F000457
1112,M001111,F000457
1112,B000944,F000457
1112,M001176,F000457
1112,M000133,F000457
1113,V000127,V000127
1114,M000639,M000639
1115,F000463,F000463
1116,T000250,T000250
1116,I000055,T000250
1116,P000612,T000250
1117,J000293,J000293
1117,P000612,J000293
1117,L000577,J000293
1117,I000024,J000293
1117,D000618,J000293
1117,F000444,J000293
1117,C000880,J000293
1117,C001075,J000293
1117,C001098,J000293
1117,T000461,J000293
1117,C001035,J000293
1117,V000127,J000293
1117,M000303,J000293
1117,R000584,J000293
1117,H000338,J000293
1117,C000567,J000293
1117,A000368,J000293
1118,M000303,M000303
1118,R000122,M000303
1119,P000595,P000595
1119,G000359,P000595
1119,C001056,P000595
1119,C001047,P000595
1119,S000770,P000595
1119,H001069,P000595
1119,B000575,P000595
1119,G000555,P000595
1119,R000595,P000595
1119,B001230,P000595
1119,N000032,P000595
1119,M001170,P000595
1119,C000174,P000595
1119,W000805,P000595
1119,K000384,P000595
1119,H000338,P000595
1119,C001035,P000595
1119,A000368,P000595
1119,M001176,P000595
1119,C000567,P000595
1119,C001070,P000595
112,H001041,H001041
1120,G000386,G000386
1120,T000476,G000386
1120,B001135,G000386
1121,A000368,A000368
1121,W000805,A000368
1121,B001277,A000368
1121,C001035,A000368
1121,F000062,A000368
1121,K000360,A000368
1121,M000133,A000368
1121,P000595,A000368
1121,T000461,A000368
1121,V000127,A000368
1121,M001170,A000368
1121,D000618,A000368
1121,W000802,A000368
1121,R000122,A000368
1121,S001181,A000368
1121,C001070,A000368
1121,W000779,A000368
1121,K000384,A000368
1121,M000702,A000368
1121,B001267,A000368
1121,S000033,A000368
1121,D000607,A000368
1121,M000639,A000368
1121,H001046,A000368
1121,C001088,A000368
1121,M001111,A000368
1121,B001230,A000368
1121,C000880,A000368
1121,C000127,A000368
1121,D000563,A000368
1121,M001176,A000368
1121,C000174,A000368
1121,L000174,A000368
1121,F000457,A000368
1121,K000383,A000368
1121,B001288,A000368
1121,S001194,A000368
1121,C000141,A000368
1121,M001169,A000368
1121,B000711,A000368
1121,K000367,A000368
1121,R000146,A000368
1121,W000817,A000368
1121,S000770,A000368
1121,N000032,A000368
1121,S000148,A000368
1121,B000944,A000368
1121,G000555,A000368
1121,H001042,A000368
1121,M000934,A000368
1122,D000563,D000563
1122,B000944,D000563
1122,B000711,D000563
1122,F000457,D000563
1122,W000802,D000563
1122,W000817,D000563
1122,B001288,D000563
1123,L000577,L000577
1123,L000174,L000577
1123,H001041,L000577
1123,D000563,L000577
1123,C001098,L000577
1123,F000457,L000577
1123,M001153,L000577
1123,B001277,L000577
1123,D000618,L000577
1123,S000148,L000577
1123,H001046,L000577
1123,M000133,L000577
1123,H001042,L000577
1123,K000367,L000577
1123,B001288,L000577
1123,B000711,L000577
1123,B000944,L000577
1123,C001088,L000577
1123,M000639,L000577
1124,A000360,A000360
1125,T000464,T000464
1125,D000618,T000464
1126,C001088,C001088
1126,L000174,C001088
1126,E000295,C001088
1126,C001047,C001088
1126,G000555,C001088
1126,H001042,C001088
1126,P000595,C001088
1126,S001194,C001088
1126,T000461,C001088
1126,W000802,C001088
1126,W000779,C001088
1126,G000359,C001088
1126,B001236,C001088
1126,B000711,C001088
1126,P000612,C001088
1126,S000770,C001088
1126,T000464,C001088
1126,I000055,C001088
1126,G000562,C001088
1126,C001070,C001088
1126,R000605,C001088
1126,B000575,C001088
1127,R000122,R000122
1127,B001277,R000122
1127,W000817,R000122
1127,W000802,R000122
1127,U000039,R000122
1127,S000033,R000122
1127,B001230,R000122
1127,M000133,R000122
1127,M001176,R000122
1127,F000457,R000122
1128,S000770,S000770
1129,B001277,B001277
1129,D000563,B001277
1129,R000122,B001277
1129,B000711,B001277
113,H001041,H001041
113,H000338,H001041
1130,B000711,B000711
1130,W000779,B000711
1130,M000133,B000711
1130,T000464,B000711
1130,G000555,B000711
1131,F000457,F000457
1131,C001035,F000457
1131,G000386,F000457
1131,B000944,F000457
1131,M000639,F000457
1131,S001181,F000457
1131,S000148,F000457
1131,H001042,F000457
1131,C001088,F000457
1131,K000367,F000457
1131,G000555,F000457
1131,B001277,F000457
1131,C000567,F000457
1132,M001176,M001176
1132,B001230,M001176
1133,F000457,F000457
1133,B001230,F000457
1133,B001277,F000457
1133,B000711,F000457
1133,B000944,F000457
1133,D000563,F000457
1133,H001042,F000457
1133,L000174,F000457
1133,M000133,F000457
1133,M000639,F000457
1133,S000033,F000457
1133,U000039,F000457
1133,W000817,F000457
1133,W000802,F000457
1133,W000779,F000457
1133,M001176,F000457
1133,H001069,F000457
1133,C000127,F000457
1133,B001288,F000457
1133,C001070,F000457
1133,R000122,F000457
1133,M001111,F000457
1133,S001181,F000457
1133,S001194,F000457
1133,C001088,F000457
1134,A000368,A000368
1134,D000607,A000368
1135,M001170,M001170
1135,B001135,M001170
1135,C001095,M001170
1135,C001047,M001170
1135,M000355,M001170
1135,P000449,M001170
1135,R000307,M001170
1135,S001141,M001170
1135,B000575,M001170
1135,M000934,M001170
1135,W000437,M001170
1135,C000567,M001170
1136,T000464,T000464
1136,E000285,T000464
1136,G000555,T000464
1136,S000148,T000464
1136,D000618,T000464
1136,B001277,T000464
1136,C001088,T000464
1136,K000367,T000464
1137,G000386,G000386
1137,L000174,G000386
1137,C001056,G000386
1137,S000148,G000386
1137,L000577,G000386
1137,H000338,G000386
1137,K000367,G000386
1138,P000603,P000603
1138,S001194,P000603
1139,K000367,K000367
1139,T000464,K000367
1139,B001277,K000367
1139,H001042,K000367
1139,M000639,K000367
1139,M001176,K000367
1139,D000563,K000367
1139,B001267,K000367
1139,G000555,K000367
114,H001041,H001041
1140,B001261,B001261
1140,D000607,B001261
1140,I000024,B001261
1140,H001069,B001261
1140,R000307,B001261
1140,M001183,B001261
1140,S001198,B001261
1140,R000605,B001261
1140,B000575,B001261
1140,M000355,B001261
1140,C001047,B001261
1140,F000463,B001261
1140,H001061,B001261
1140,V000127,B001261
1140,C000880,B001261
1140,B001236,B001261
1140,F000444,B001261
1140,C001095,B001261
1140,P000612,B001261
1140,M001153,B001261
1140,C000567,B001261
1140,W000437,B001261
1140,M000934,B001261
1140,T000250,B001261
1140,S001184,B001261
1140,H000338,B001261
1140,C001098,B001261
1140,R000584,B001261
1140,G000386,B001261
1140,M000303,B001261
1140,I000055,B001261
1140,T000476,B001261
1140,A000360,B001261
1140,D000618,B001261
1140,C000542,B001261
1140,C001056,B001261
1140,H001041,B001261
1140,L000577,B001261
1140,C001075,B001261
1140,E000295,B001261
1140,J000293,B001261
1140,S001197,B001261
1140,S000320,B001261
1140,E000285,B001261
1140,G000359,B001261
1140,K000360,B001261
1140,C001071,B001261
1140,L000575,B001261
1140,M001170,B001261
1141,C001035,C001035
1141,C001070,C001035
1141,A000368,C001035
1141,S000148,C001035
1142,L000577,L000577
1142,H000338,L000577
1142,V000127,L000577
1142,C001098,L000577
1142,S001141,L000577
1143,C000127,C000127
1143,W000779,C000127
1143,M001111,C000127
1143,M001176,C000127
1143,B000711,C000127
1143,F000062,C000127
1144,W000802,W000802
1144,H001042,W000802
1144,H001046,W000802
1145,C001070,C001070
1145,M001183,C001070
1146,H001061,H001061
1146,K000383,H001061
1146,C001095,H001061
1146,B001236,H001061
1146,R000584,H001061
1147,G000359,G000359
1147,S001184,G000359
1148,N000032,N000032
1148,R000146,N000032
1148,S000148,N000032
1148,C001070,N000032
1148,L000174,N000032
1148,G000555,N000032
1148,M000639,N000032
1148,T000464,N000032
1148,S000770,N000032
1148,M001176,N000032
1148,H001042,N000032
1148,B001277,N000032
1148,M000133,N000032
1148,B001288,N000032
1148,M001170,N000032
1148,W000817,N000032
1148,K000367,N000032
1149,V000127,V000127
1149,B001267,V000127
1149,G000562,V000127
1149,S001184,V000127
1149,K000360,V000127
1149,C001047,V000127
1149,B001236,V000127
115,H001041,H001041
1150,M001111,M001111
1150,D000563,M001111
1150,M000702,M001111
1150,B000711,M001111
1150,B001277,M001111
1150,M000133,M001111
1150,C001070,M001111
1150,M001169,M001111
1150,S000770,M001111
1150,B000944,M001111
1150,P000595,M001111
1150,S000148,M001111
1150,L000174,M001111
1150,S001181,M001111
1150,R000146,M001111
1150,S001194,M001111
1150,H001046,M001111
1150,W000779,M001111
1150,B001288,M001111
1150,M001176,M001111
1150,H001042,M001111
1150,R000122,M001111
1150,F000457,M001111
1150,G000555,M001111
1150,C000141,M001111
1150,C000127,M001111
1150,W000817,M001111
1150,U000039,M001111
1150,B001230,M001111
1150,K000384,M001111
1150,F000062,M001111
1150,W000802,M001111
1150,K000367,M001111
1150,N000032,M001111
1151,V000127,V000127
1151,S001141,V000127
1152,W000802,W000802
1152,M000639,W000802
1152,F000457,W000802
1152,K000367,W000802
1152,W000817,W000802
1152,M001176,W000802
1153,C001056,C001056
1153,C001098,C001056
1154,M001153,M001153
1155,T000464,T000464
1156,D000563,D000563
1156,W000802,D000563
1156,B000944,D000563
1156,F000457,D000563
1157,B001135,B001135
1157,T000476,B001135
1158,L000174,L000174
1158,F000457,L000174
1158,W000817,L000174
1158,B001277,L000174
1158,W000779,L000174
1158,M000133,L000174
1159,S000148,S000148
1159,C001035,S000148
1159,G000555,S000148
1159,C000567,S000148
1159,S000770,S000148
116,H001041,H001041
1160,U000039,U000039
1160,H001046,U000039
1160,T000464,U000039
1160,B001267,U000039
1161,A000360,A000360
1161,M000355,A000360
1161,P000603,A000360
1162,T000461,T000461
1162,B000575,T000461
1163,U000039,U000039
1163,M001153,U000039
1163,H001069,U000039
1163,T000464,U000039
1163,F000457,U000039
1163,H001046,U000039
1163,S001194,U000039
1164,K000360,K000360
1164,B001277,K000360
1164,B000575,K000360
1164,M000934,K000360
1164,R000307,K000360
1165,M001176,M001176
1165,D000563,M001176
1166,M001176,M001176
1167,C000880,C000880
1167,R000584,C000880
1168,K000360,K000360
1168,D000563,K000360
1169,G000386,G000386
1169,W000802,G000386
1169,L000174,G000386
1169,B000575,G000386
1169,C001056,G000386
1169,D000563,G000386
1169,C001088,G000386
1169,H000338,G000386
1169,R000595,G000386
1169,B001277,G000386
1169,K000367,G000386
1169,F000062,G000386
1169,A000368,G000386
1169,S001181,G000386
1169,M001111,G000386
1169,E000295,G000386
1169,F000457,G000386
1169,B001288,G000386
1169,B001230,G000386
1169,G000555,G000386
1169,T000476,G000386
117,H001041,H001041
117,C001098,H001041
117,I000024,H001041
117,K000360,H001041
117,T000461,H001041
117,C001056,H001041
117,R000595,H001041
117,C001095,H001041
1170,F000062,F000062
1170,E000285,F000062
1170,D000563,F000062
1170,C001088,F000062
1170,A000368,F000062
1170,T000464,F000062
1170,S000770,F000062
1170,K000367,F000062
1170,S000148,F000062
1170,B001261,F000062
1170,H000338,F000062
1170,B001230,F000062
1170,B000944,F000062
1170,M000639,F000062
1170,R000146,F000062
1170,C000567,F000062
1170,S001181,F000062
1170,S001194,F000062
1170,B000711,F000062
1170,B000575,F000062
1170,G000386,F000062
1170,C001070,F000062
1170,G000359,F000062
1170,H001042,F000062
1170,T000461,F000062
1170,H001069,F000062
1171,N000032,N000032
1172,C000174,C000174
1172,J000293,C000174
1173,S000148,S000148
1173,B000711,S000148
1173,M001170,S000148
1173,G000555,S000148
1173,C001070,S000148
1173,F000062,S000148
1173,B001277,S000148
1173,N000032,S000148
1174,U000039,U000039
1175,W000779,W000779
1175,F000062,W000779
1175,S000148,W000779
1175,B000944,W000779
1175,C001070,W000779
1175,W000805,W000779
1175,M001176,W000779
1175,K000384,W000779
1175,D000563,W000779
1175,C000141,W000779
1175,B001277,W000779
1175,L000174,W000779
1175,B000711,W000779
1176,U000039,U000039
1176,G000555,U000039
1176,B001277,U000039
1176,M000639,U000039
1176,D000563,U000039
1176,H001042,U000039
1176,M001176,U000039
1177,K000383,K000383
1178,F000444,F000444
1178,M000303,F000444
1178,F000463,F000444
1178,C001056,F000444
1178,I000055,F000444
1178,H000338,F000444
1178,R000584,F000444
1179,M000355,M000355
1179,P000603,M000355
118,V000127,V000127
1180,J000293,J000293
1180,M001170,J000293
1181,C001075,C001075
1182,B000575,B000575
1182,S000148,B000575
1182,S001184,B000575
1182,M000702,B000575
1182,D000563,B000575
1182,J000293,B000575
1182,C000141,B000575
1182,W000437,B000575
1182,G000555,B000575
1182,G000562,B000575
1183,G000555,G000555
1183,H001046,G000555
1183,C000127,G000555
1184,G000555,G000555
1184,H001046,G000555
1185,G000555,G000555
1185,H001046,G000555
1186,W000779,W000779
1186,H001061,W000779
1187,C001088,C001088
1187,R000595,C001088
1187,D000563,C001088
1187,K000360,C001088
1188,E000295,E000295
1188,B000711,E000295
1188,G000359,E000295
1188,J000293,E000295
1188,P000603,E000295
1188,R000595,E000295
1188,I000024,E000295
1188,C001098,E000295
1188,B000575,E000295
1189,K000367,K000367
1189,H001069,K000367
1189,M000934,K000367
1189,C001035,K000367
119,S001181,S001181
119,C001035,S001181
119,C000127,S001181
119,F000062,S001181
119,H001042,S001181
119,M000702,S001181
119,K000383,S001181
1190,C001047,C001047
1190,M001183,C001047
1190,C001095,C001047
1190,B000944,C001047
1190,B001236,C001047
1190,V000127,C001047
1190,U000039,C001047
1190,W000437,C001047
1190,M000934,C001047
1190,G000562,C001047
1190,C000567,C001047
1191,B000711,B000711
1191,F000062,B000711
1192,B000575,B000575
1192,B000944,B000575
1192,A000368,B000575
1192,H001042,B000575
1192,F000062,B000575
1192,B000711,B000575
1192,F000463,B000575
1192,C001047,B000575
1192,B001277,B000575
1193,C000127,C000127
1193,R000307,C000127
1193,C000880,C000127
1193,F000457,C000127
1193,W000817,C000127
1193,M000639,C000127
1193,W000802,C000127
1193,S000148,C000127
1193,S001181,C000127
1193,H001042,C000127
1193,G000555,C000127
1193,C000141,C000127
1193,L000174,C000127
1193,K000367,C000127
1193,B000711,C000127
1193,K000383,C000127
1193,B001288,C000127
1193,M001111,C000127
1193,B001277,C000127
1193,F000062,C000127
1193,S000033,C000127
1193,S000770,C000127
1193,S001194,C000127
1193,C001035,C000127
1193,C000567,C000127
1193,M001176,C000127
1193,P000595,C000127
1193,H001069,C000127
1193,W000437,C000127
1194,H000338,H000338
1195,W000779,W000779
1195,R000595,W000779
1195,W000805,W000779
1195,T000461,W000779
1195,C001095,W000779
1196,C001075,C001075
1196,I000024,C001075
1196,C001047,C001075
1197,H000338,H000338
1198,H000338,H000338
1198,L000575,H000338
1199,M001111,M001111
1199,M001176,M001111
12,B000575,B000575
12,A000368,B000575
12,B001236,B000575
12,B001135,B000575
12,C000567,B000575
12,C001035,B000575
12,C001056,B000575
12,E000285,B000575
12,F000463,B000575
12,H000338,B000575
12,K000360,B000575
12,M000303,B000575
12,M000934,B000575
12,M001153,B000575
12,P000449,B000575
12,R000307,B000575
12,S001184,B000575
12,T000250,B000575
12,T000461,B000575
12,I000024,B000575
12,V000127,B000575
12,H001061,B000575
12,S001141,B000575
12,B001261,B000575
12,H001041,B000575
12,W000437,B000575
12,S000320,B000575
12,C000542,B000575
12,S001198,B000575
12,C001047,B000575
120,N000032,N000032
120,R000595,N000032
1200,B001277,B001277
1200,L000577,B001277
1200,S000148,B001277
1200,M000303,B001277
1200,F000444,B001277
1201,S001181,S001181
1202,S001181,S001181
1203,I000055,I000055
1204,B001135,B001135
1204,T000476,B001135
1205,M001176,M001176
1205,C001047,M001176
1205,W000779,M001176
1205,B001267,M001176
1205,K000360,M001176
1205,C001035,M001176
1206,S000033,S000033
1207,H001042,H001042
1208,M000133,M000133
1208,W000802,M000133
1208,S001194,M000133
1208,W000817,M000133
1209,M000133,M000133
1209,W000802,M000133
1209,S001194,M000133
1209,W000817,M000133
121,M000303,M000303
121,B001261,M000303
1210,C001047,C001047
1210,C001075,C001047
1210,H001069,C001047
1211,C000567,C000567
1211,W000437,C000567
1211,M001169,C000567
1211,S000770,C000567
1211,P000595,C000567
1212,C000141,C000141
1212,R000307,C000141
1212,W000802,C000141
1212,C000880,C000141
1212,T000250,C000141
1212,F000457,C000141
1212,S000770,C000141
1212,H001069,C000141
1212,L000174,C000141
1212,B000575,C000141
1212,R000584,C000141
1212,A000368,C000141
1212,C001035,C000141
1212,K000367,C000141
1212,B001230,C000141
1212,S000033,C000141
1212,K000360,C000141
1212,K000383,C000141
1212,M000934,C000141
1212,H001061,C000141
1212,B001236,C000141
1212,R000122,C000141
1212,P000449,C000141
1212,P000595,C000141
1212,C000127,C000141
1212,D000618,C000141
1212,I000055,C000141
1212,M001170,C000141
1212,G000555,C000141
1212,B000944,C000141
1212,E000295,C000141
1212,G000386,C000141
1212,T000464,C000141
1212,T000461,C000141
1212,C001070,C000141
1213,K000383,K000383
1214,M000639,M000639
1214,G000359,M000639
1214,C001035,M000639
1214,M000702,M000639
1214,B001230,M000639
1214,C001088,M000639
1214,R000122,M000639
1214,S001181,M000639
1214,C000174,M000639
1214,P000595,M000639
1214,F000062,M000639
1214,K000360,M000639
1214,W000802,M000639
1214,L000174,M000639
1214,B001288,M000639
1214,H001046,M000639
1214,B000711,M000639
1214,U000039,M000639
1214,S000033,M000639
1214,M000133,M000639
1214,G000555,M000639
1214,B001277,M000639
1214,W000817,M000639
1214,S000148,M000639
1214,C000141,M000639
1214,S001194,M000639
1214,M001169,M000639
1214,H001042,M000639
1214,A000368,M000639
1214,W000779,M000639
1214,D000563,M000639
1215,M001153,M001153
1216,M001153,M001153
1217,M001153,M001153
1218,M001153,M001153
1218,B001230,M001153
1219,M001153,M001153
122,M000303,M000303
122,K000367,M000303
122,C001035,M000303
122,W000802,M000303
122,G000386,M000303
122,S000033,M000303
122,K000383,M000303
122,S001181,M000303
122,L000174,M000303
122,M001176,M000303
1220,M001153,M001153
1221,M001153,M001153
1222,M001153,M001153
1223,M001153,M001153
1224,M001153,M001153
1225,M001153,M001153
1226,M001153,M001153
1227,M001153,M001153
1228,H001061,H001061
1228,D000607,H001061
1229,M001153,M001153
1229,A000360,M001153
123,R000595,R000595
123,F000444,R000595
123,I000024,R000595
123,L000577,R000595
123,M000303,R000595
123,P000603,R000595
123,R000307,R000595
123,R000605,R000595
123,V000127,R000595
123,F000463,R000595
123,G000562,R000595
123,C001095,R000595
123,T000476,R000595
1230,M001153,M001153
1231,M001153,M001153
1232,W000779,W000779
1233,W000779,W000779
1234,K000367,K000367
1234,D000618,K000367
1235,M001153,M001153
1236,M001153,M001153
1236,R000584,M001153
1237,K000383,K000383
1238,L000577,L000577
1238,B001261,L000577
1238,C001095,L000577
1238,C001056,L000577
1238,C000880,L000577
1238,C001098,L000577
1238,D000618,L000577
1238,E000285,L000577
1238,H000338,L000577
1238,I000024,L000577
1238,I000055,L000577
1238,J000293,L000577
1238,K000360,L000577
1238,P000612,L000577
1238,P000449,L000577
1238,R000307,L000577
1238,S001141,L000577
1238,S001197,L000577
1238,S001198,L000577
1238,T000476,L000577
1238,T000250,L000577
1238,V000127,L000577
1238,G000386,L000577
1238,R000584,L000577
1238,S001184,L000577
1238,W000437,L000577
1238,A000368,L000577
1238,B000575,L000577
1239,D000607,D000607
1239,G000386,D000607
1239,F000463,D000607
1239,H001061,D000607
1239,K000360,D000607
1239,H001069,D000607
1239,S001197,D000607
1239,K000367,D000607
1239,F000457,D000607
1239,M001170,D000607
1239,R000605,D000607
1239,R000307,D000607
1239,B001230,D000607
1239,T000250,D000607
1239,B000575,D000607
1239,M000934,D000607
1239,E000295,D000607
1239,D000563,D000607
124,R000595,R000595
124,N000032,R000595
1240,H001046,H001046
1240,U000039,H001046
1241,C000127,C000127
1242,K000383,K000383
1243,C000127,C000127
1243,H001042,C000127
1243,K000383,C000127
1243,F000457,C000127
1243,H001046,C000127
1244,B001230,B001230
1244,M000133,B001230
1245,M001170,M001170
1246,S000770,S000770
1246,B001236,S000770
1246,B001230,S000770
1246,I000055,S000770
1246,C000174,S000770
1247,M001170,M001170
1247,B000575,M001170
1248,W000817,W000817
1248,V000127,W000817
1249,M000639,M000639
1249,B000944,M000639
1249,B001288,M000639
1249,F000457,M000639
1249,B001230,M000639
125,L000174,L000174
125,G000359,L000174
125,C001088,L000174
125,B000575,L000174
125,S000148,L000174
125,C001056,L000174
125,W000802,L000174
125,H000338,L000174
125,F000457,L000174
125,B000944,L000174
125,C000141,L000174
125,A000368,L000174
125,B001277,L000174
125,P000595,L000174
125,D000563,L000174
125,U000039,L000174
125,R000122,L000174
125,F000062,L000174
125,K000367,L000174
125,D000607,L000174
125,B001230,L000174
125,H001069,L000174
125,C001035,L000174
125,T000461,L000174
125,M001176,L000174
1250,K000367,K000367
1250,S000148,K000367
1250,C001070,K000367
1250,F000457,K000367
1250,B001277,K000367
1250,M000639,K000367
1251,M000133,M000133
1252,C001070,C001070
1253,B001135,B001135
1253,B001267,B001135
1253,A000360,B001135
1254,G000386,G000386
1254,S000770,G000386
1255,M001176,M001176
1256,F000457,F000457
1256,H001046,F000457
1257,B000944,B000944
1257,S000033,B000944
1257,M001176,B000944
1258,F000457,F000457
1259,H001046,H001046
1259,B001267,H001046
126,H001041,H001041
126,C000127,H001041
126,E000285,H001041
126,T000250,H001041
126,C001056,H001041
126,M001111,H001041
126,N000032,H001041
126,A000360,H001041
126,R000146,H001041
1260,N000032,N000032
1260,W000817,N000032
1260,B001277,N000032
1260,M000133,N000032
1260,W000779,N000032
1260,M001170,N000032
1260,P000595,N000032
1260,K000367,N000032
1261,M001183,M001183
1261,M000934,M001183
1261,F000463,M001183
1262,H001042,H001042
1263,H001042,H001042
1264,U000039,U000039
1264,M000133,U000039
1264,W000802,U000039
1264,M001176,U000039
1264,H001046,U000039
1264,H001042,U000039
1264,B001267,U000039
1265,R000605,R000605
1265,H001061,R000605
1265,H001069,R000605
1265,C001056,R000605
1265,C001098,R000605
1265,C001075,R000605
1265,V000127,R000605
1266,C001035,C001035
1266,K000383,C001035
1267,H000338,H000338
1268,H000338,H000338
1269,H000338,H000338
127,S001181,S001181
127,J000293,S001181
127,M001183,S001181
127,C001035,S001181
127,A000368,S001181
127,E000295,S001181
127,V000127,S001181
127,R000605,S001181
1270,G000562,G000562
1270,C001075,G000562
1271,M000133,M000133
1272,M000133,M000133
1272,W000817,M000133
1273,A000368,A000368
1274,H001042,H001042
1275,M001176,M001176
1276,C001075,C001075
1276,V000127,C001075
1276,W000437,C001075
1276,C001056,C001075
1276,C000567,C001075
1277,H001042,H001042
1277,W000779,H001042
1277,S001181,H001042
1278,M001153,M001153
1279,W000805,W000805
1279,S001184,W000805
1279,K000384,W000805
1279,T000476,W000805
1279,P000612,W000805
1279,I000055,W000805
128,P000449,P000449
128,S001181,P000449
128,H001061,P000449
128,F000457,P000449
128,A000368,P000449
128,C001035,P000449
128,B001267,P000449
1280,M000133,M000133
1281,U000039,U000039
1281,B001236,U000039
1282,M001183,M001183
1282,H001069,M001183
1282,W000802,M001183
1283,M001183,M001183
1283,H001069,M001183
1284,K000383,K000383
1285,H001069,H001069
1285,M001183,H001069
1286,S001181,S001181
1286,L000174,S001181
1286,B001230,S001181
1286,C000141,S001181
1286,B001267,S001181
1286,B000944,S001181
1286,K000367,S001181
1286,U000039,S001181
1286,W000802,S001181
1286,R000122,S001181
1286,B001277,S001181
1287,K000360,K000360
1287,H001042,K000360
1287,C001075,K000360
1287,S000148,K000360
1287,M001176,K000360
1287,G000555,K000360
1287,H001046,K000360
1287,B001267,K000360
1288,V000127,V000127
1289,R000605,R000605
129,J000293,J000293
129,B000575,J000293
1290,R000605,R000605
1291,F000463,F000463
1292,V000127,V000127
1292,K000383,V000127
1293,H001069,H001069
1293,M001183,H001069
1294,W000779,W000779
1294,F000457,W000779
1295,B001267,B001267
1295,G000562,B001267
1296,F000463,F000463
1297,C001098,C001098
1297,N000032,C001098
1297,P000595,C001098
1297,R000595,C001098
1297,G000562,C001098
1297,U000039,C001098
1298,T000250,T000250
1298,F000463,T000250
1298,G000562,T000250
1298,A000360,T000250
1299,R000122,R000122
1299,M001153,R000122
1299,U000039,R000122
1299,D000563,R000122
1299,C001088,R000122
1299,W000817,R000122
1299,S001194,R000122
1299,H001046,R000122
1299,D000607,R000122
1299,A000368,R000122
1299,K000367,R000122
1299,B001277,R000122
1299,S000770,R000122
1299,T000464,R000122
1299,H001042,R000122
1299,M001176,R000122
1299,S000033,R000122
1299,G000386,R000122
1299,C001035,R000122
1299,R000146,R000122
1299,M001169,R000122
13,H000338,H000338
130,V000127,V000127
1300,F000062,F000062
1300,J000293,F000062
1300,G000386,F000062
1300,K000367,F000062
1300,M000355,F000062
1300,B000711,F000062
1300,C001071,F000062
1300,R000595,F000062
1300,B000575,F000062
1300,D000607,F000062
1300,P000449,F000062
1300,E000285,F000062
1300,C001098,F000062
1300,C000127,F000062
1300,B001230,F000062
1300,F000463,F000062
1300,C001056,F000062
1300,G000359,F000062
1300,C001088,F000062
1300,I000024,F000062
1300,M001111,F000062
1300,C001070,F000062
1301,H001042,H001042
1301,S001194,H001042
1301,M001176,H001042
1301,M001111,H001042
1302,T000464,T000464
1302,M000133,T000464
1302,W000817,T000464
1302,D000563,T000464
1302,F000457,T000464
1302,G000555,T000464
1302,C001088,T000464
1302,B001230,T000464
1302,B001277,T000464
1302,H001046,T000464
1302,M000702,T000464
1302,W000802,T000464
1302,B001288,T000464
1302,L000174,T000464
1302,H001069,T000464
1302,C000141,T000464
1303,B000944,B000944
1303,T000476,B000944
1304,C000127,C000127
1305,B001261,B001261
1305,E000285,B001261
1306,M001183,M001183
1306,H001069,M001183
1307,W000779,W000779
1308,V000127,V000127
1309,P000595,P000595
1309,C001047,P000595
1309,S001198,P000595
131,V000127,V000127
131,F000457,V000127
1310,M000133,M000133
1311,M000133,M000133
1312,M001153,M001153
1312,H001069,M001153
1312,H001061,M001153
1312,B001261,M001153
1312,M000303,M001153
1312,C001071,M001153
1312,A000360,M001153
1312,R000584,M001153
1312,F000444,M001153
1312,C001047,M001153
1312,I000024,M001153
1312,R000595,M001153
1312,L000575,M001153
1312,S001184,M001153
1312,D000618,M001153
1312,C001095,M001153
1313,B000944,B000944
1313,B001277,B000944
1313,M001111,B000944
1313,D000563,B000944
1314,B001288,B001288
1314,H001061,B001288
1314,H001069,B001288
1314,W000805,B001288
1314,W000779,B001288
1314,M001176,B001288
1315,E000285,E000285
1315,W000779,E000285
1315,M001183,E000285
1315,H001046,E000285
1315,L000577,E000285
1315,T000250,E000285
1315,M000934,E000285
1315,T000464,E000285
1315,D000618,E000285
1315,U000039,E000285
1315,C000880,E000285
1315,C000127,E000285
1315,M001176,E000285
1315,R000584,E000285
1316,M001153,M001153
1316,S001198,M001153
1317,I000055,I000055
1317,M001169,I000055
1318,G000386,G000386
1318,W000802,G000386
1319,H001041,H001041
1319,R000146,H001041
132,W000779,W000779
132,M001176,W000779
1320,W000817,W000817
1320,V000127,W000817
1321,C001088,C001088
1321,P000449,C001088
1321,A000368,C001088
1321,P000595,C001088
1322,M000133,M000133
1322,H000338,M000133
1322,K000360,M000133
1323,J000293,J000293
1323,W000805,J000293
1323,A000368,J000293
1324,C001047,C001047
1324,M000355,C001047
1324,I000024,C001047
1324,M001183,C001047
1324,C001056,C001047
1324,T000250,C001047
1324,B001261,C001047
1324,B000575,C001047
1324,A000360,C001047
1324,B001236,C001047
1324,C001075,C001047
1324,C000542,C001047
1324,C001095,C001047
1324,C000880,C001047
1324,C001098,C001047
1324,D000618,C001047
1324,E000285,C001047
1324,F000463,C001047
1324,H001061,C001047
1324,I000055,C001047
1324,P000603,C001047
1324,P000612,C001047
1324,R000584,C001047
1324,R000605,C001047
1324,R000307,C001047
1324,T000476,C001047
1324,W000437,C001047
1324,V000127,C001047
1324,S001141,C001047
1324,M001153,C001047
1324,S001198,C001047
1324,C000567,C001047
1324,J000293,C001047
1324,S001184,C001047
1324,M000303,C001047
1324,L000575,C001047
1325,P000449,P000449
1325,B000944,P000449
1326,F000463,F000463
1327,K000367,K000367
1327,G000359,K000367
1327,F000062,K000367
1327,G000386,K000367
1327,B001277,K000367
1327,T000476,K000367
1327,C001056,K000367
1327,W000802,K000367
1328,S001181,S001181
1328,C000567,S001181
1329,K000384,K000384
133,W000779,W000779
133,M001176,W000779
133,B000711,W000779
133,F000062,W000779
1330,M001111,M001111
1330,F000457,M001111
1330,W000817,M001111
1330,M001176,M001111
1330,B001288,M001111
1330,S001194,M001111
1330,M000133,M001111
1330,S001181,M001111
1330,H001042,M001111
1330,B001230,M001111
1330,F000062,M001111
1330,B000711,M001111
1330,P000595,M001111
1330,C000127,M001111
1331,T000250,T000250
1331,S001194,T000250
1332,G000555,G000555
1333,G000562,G000562
1333,W000779,G000562
1333,H000338,G000562
1333,I000055,G000562
1333,M001176,G000562
1333,B001267,G000562
1333,A000360,G000562
1333,J000293,G000562
1333,B001230,G000562
1333,T000476,G000562
1333,B000575,G000562
1333,L000577,G000562
1333,G000359,G000562
1333,W000805,G000562
1334,M001153,M001153
1334,S001198,M001153
1334,S001194,M001153
1334,C000127,M001153
1334,M000133,M001153
1334,W000802,M001153
1334,B001288,M001153
1334,V000127,M001153
1335,S001198,S001198
1335,S001194,S001198
1335,M000133,S001198
1336,S001194,S001194
1336,S001198,S001194
1337,W000779,W000779
1337,U000039,W000779
1338,K000383,K000383
1339,H000338,H000338
1339,C000141,H000338
134,W000779,W000779
134,M001176,W000779
134,M000355,W000779
134,P000603,W000779
134,G000562,W000779
134,D000618,W000779
134,F000457,W000779
134,B001267,W000779
134,T000464,W000779
134,B001230,W000779
134,S000033,W000779
134,S001194,W000779
134,G000555,W000779
134,M001169,W000779
134,H001042,W000779
134,C001070,W000779
134,W000805,W000779
1340,M000133,M000133
1341,V000127,V000127
1342,W000817,W000817
1342,C000880,W000817
1343,R000595,R000595
1343,N000032,R000595
1344,P000449,P000449
1344,B001267,P000449
1345,S001181,S001181
1345,K000367,S001181
1345,F000457,S001181
1345,D000607,S001181
1345,K000360,S001181
1345,T000464,S001181
1345,C001047,S001181
1345,S000770,S001181
1345,C000174,S001181
1346,M001153,M001153
1347,I000055,I000055
1347,B001267,I000055
1347,W000437,I000055
1347,S000770,I000055
1347,A000360,I000055
1347,C000567,I000055
1348,T000476,T000476
1348,B001135,T000476
1348,K000384,T000476
1348,W000805,T000476
1349,C000141,C000141
1349,E000285,C000141
1349,S000770,C000141
135,W000779,W000779
1350,C000174,C000174
1350,B000711,C000174
1351,V000127,V000127
1352,C001070,C001070
1352,T000461,C001070
1352,D000607,C001070
1352,C001035,C001070
1352,T000464,C001070
1353,W000437,W000437
1353,L000174,W000437
1353,C001056,W000437
1353,T000464,W000437
1354,E000285,E000285
1354,C000174,E000285
1355,M001169,M001169
1355,S001194,M001169
1356,F000062,F000062
1356,M000303,F000062
1356,T000464,F000062
1356,C000141,F000062
1357,M000355,M000355
1358,M001153,M001153
1358,K000367,M001153
1358,S001198,M001153
1358,F000457,M001153
1358,W000802,M001153
1358,B000711,M001153
1358,F000062,M001153
1358,B001230,M001153
1358,R000122,M001153
1358,C000127,M001153
1359,F000463,F000463
1359,N000032,F000463
136,W000779,W000779
136,B000944,W000779
136,C001035,W000779
1360,N000032,N000032
1360,F000062,N000032
1360,B000711,N000032
1360,B001277,N000032
1360,C001070,N000032
1361,D000618,D000618
1361,B001261,D000618
1361,T000464,D000618
1361,M000934,D000618
1361,H001069,D000618
1362,C000174,C000174
1362,T000461,C000174
1362,C001070,C000174
1362,W000805,C000174
1362,S000770,C000174
1362,R000307,C000174
1362,S000148,C000174
1362,B001135,C000174
1363,C000880,C000880
1363,R000584,C000880
1364,S000033,S000033
1364,B000944,S000033
1364,H001042,S000033
1364,B001277,S000033
1364,F000457,S000033
1364,W000817,S000033
1364,W000802,S000033
1365,T000464,T000464
1365,D000618,T000464
1365,F000457,T000464
1365,H001046,T000464
1365,H001069,T000464
1365,K000367,T000464
1365,U000039,T000464
1366,S000033,S000033
1367,D000607,D000607
1367,P000449,D000607
1368,R000307,R000307
1368,P000449,R000307
1369,F000062,F000062
1369,B000575,F000062
1369,G000555,F000062
137,W000779,W000779
137,C000141,W000779
137,M000702,W000779
1370,B000575,B000575
1370,C001070,B000575
1371,S000033,S000033
1371,S001194,S000033
1372,H001069,H001069
1372,M001153,H001069
1372,M001183,H001069
1372,C001071,H001069
1373,S000033,S000033
1374,D000563,D000563
1374,C001075,D000563
1374,R000146,D000563
1375,D000563,D000563
1375,B001230,D000563
1375,B000711,D000563
1375,F000457,D000563
1375,H001046,D000563
1375,M000133,D000563
1375,M000639,D000563
1375,M001169,D000563
1375,M001111,D000563
1375,R000122,D000563
1375,S000033,D000563
1375,W000817,D000563
1375,W000802,D000563
1375,L000174,D000563
1375,B001277,D000563
1375,S001194,D000563
1375,S000770,D000563
1375,B001267,D000563
1375,B001288,D000563
1375,M001176,D000563
1375,P000595,D000563
1376,M000303,M000303
1377,L000174,L000174
1377,S000148,L000174
1377,M001170,L000174
1377,S001181,L000174
1377,S000033,L000174
1377,H001046,L000174
1377,W000817,L000174
1378,P000603,P000603
1378,W000805,P000603
1378,E000285,P000603
1378,G000562,P000603
1378,T000461,P000603
1378,B001267,P000603
1378,D000618,P000603
1378,P000449,P000603
1378,C001056,P000603
1378,A000368,P000603
1378,E000295,P000603
1378,L000575,P000603
1378,M001170,P000603
1378,J000293,P000603
1378,L000577,P000603
1378,P000612,P000603
1379,I000024,I000024
1379,C001088,I000024
138,W000779,W000779
1380,M001111,M001111
1380,C001070,M001111
1380,H001042,M001111
1380,F000457,M001111
1380,M000133,M001111
1380,S001194,M001111
1380,U000039,M001111
1380,K000384,M001111
1380,M000702,M001111
1380,M001169,M001111
1380,D000563,M001111
1380,C001088,M001111
1380,H001046,M001111
1380,W000802,M001111
1380,B001230,M001111
1380,C000127,M001111
1380,G000555,M001111
1380,W000779,M001111
1380,B001288,M001111
1380,W000817,M001111
1380,S000033,M001111
1380,K000367,M001111
1380,C000141,M001111
1380,T000464,M001111
1380,R000122,M001111
1381,W000817,W000817
1381,M001183,W000817
1381,B000711,W000817
1382,G000555,G000555
1382,M001111,G000555
1382,B001230,G000555
1382,B001277,G000555
1382,F000457,G000555
1382,H001042,G000555
1382,S001181,G000555
1382,S000033,G000555
1382,M000133,G000555
1382,S000148,G000555
1382,C000127,G000555
1382,W000817,G000555
1382,B000711,G000555
1382,L000174,G000555
1382,W000779,G000555
1382,M001176,G000555
1382,M000639,G000555
1382,B000944,G000555
1382,C000141,G000555
1382,F000062,G000555
1382,M001169,G000555
1383,P000612,P000612
1383,I000055,P000612
1383,D000618,P000612
1383,B001236,P000612
1383,R000595,P000612
1383,A000368,P000612
1383,I000024,P000612
1383,S001198,P000612
1383,R000307,P000612
1383,R000605,P000612
1383,C001056,P000612
1383,T000461,P000612
1383,C000567,P000612
1383,L000575,P000612
1383,S001184,P000612
1383,H001061,P000612
1383,E000285,P000612
1383,F000444,P000612
1384,S000148,S000148
1385,B000575,B000575
1385,M001183,B000575
1385,E000285,B000575
1385,T000250,B000575
1385,C001056,B000575
1385,C000567,B000575
1386,C000127,C000127
1386,M001153,C000127
1386,S001198,C000127
1387,B000944,B000944
1387,W000817,B000944
1387,S000033,B000944
1387,C001070,B000944
1387,W000802,B000944
1387,H001042,B000944
1387,S001194,B000944
1387,M001176,B000944
1387,F000457,B000944
1387,B001277,B000944
1387,G000555,B000944
1387,U000039,B000944
1387,H001046,B000944
1388,V000127,V000127
1388,R000595,V000127
1389,U000039,U000039
1389,F000444,U000039
1389,D000563,U000039
1389,E000285,U000039
1389,L000174,U000039
1389,M000133,U000039
1389,W000805,U000039
1389,H001046,U000039
139,W000779,W000779
139,H000338,W000779
139,M000133,W000779
139,B000944,W000779
139,B000711,W000779
139,K000367,W000779
139,D000563,W000779
139,C001088,W000779
139,A000368,W000779
139,S000770,W000779
139,B001267,W000779
139,W000437,W000779
139,S001181,W000779
139,C001035,W000779
139,R000307,W000779
139,G000555,W000779
1390,G000562,G000562
1390,B001267,G000562
1390,K000367,G000562
1390,H001046,G000562
1390,M000702,G000562
1390,F000457,G000562
1390,S001194,G000562
1390,U000039,G000562
1390,H001042,G000562
1391,U000039,U000039
1391,H001046,U000039
1392,M000133,M000133
1392,W000817,M000133
1392,B001277,M000133
1392,F000062,M000133
1393,T000250,T000250
1393,C001047,T000250
1393,C001095,T000250
1393,F000463,T000250
1393,F000444,T000250
1393,I000024,T000250
1393,L000577,T000250
1393,R000307,T000250
1393,H000338,T000250
1393,T000476,T000250
1394,M001176,M001176
1394,W000779,M001176
1394,C000127,M001176
1395,M001153,M001153
1396,T000250,T000250
1396,S000770,T000250
1397,C001056,C001056
1398,A000360,A000360
1398,C001088,A000360
1398,M001153,A000360
1398,C000127,A000360
1398,G000562,A000360
1398,F000062,A000360
1398,H001046,A000360
1398,C001047,A000360
1399,B001267,B001267
14,H000338,H000338
140,F000062,F000062
140,P000449,F000062
140,C001056,F000062
140,G000555,F000062
140,K000360,F000062
140,C001047,F000062
1400,D000563,D000563
1400,V000127,D000563
1400,P000595,D000563
1400,B001230,D000563
1401,T000476,T000476
1401,B001135,T000476
1402,L000174,L000174
1402,G000386,L000174
1403,R000595,R000595
1403,N000032,R000595
1404,P000449,P000449
1404,M000303,P000449
1404,I000055,P000449
1404,C001056,P000449
1405,F000457,F000457
1406,V000127,V000127
1407,H001041,H001041
1407,R000584,H001041
1407,H001046,H001041
1407,T000464,H001041
1407,G000562,H001041
1407,D000618,H001041
1407,U000039,H001041
1407,W000779,H001041
1408,P000595,P000595
1408,A000360,P000595
1408,S000770,P000595
1409,M000133,M000133
1409,D000563,M000133
1409,B000944,M000133
1409,W000817,M000133
1409,F000457,M000133
1409,F000062,M000133
141,C001056,C001056
141,A000368,C001056
141,B001261,C001056
141,B000575,C001056
141,B001236,C001056
141,B001135,C001056
141,C001075,C001056
141,C000542,C001056
141,C000567,C001056
141,C001035,C001056
141,C000880,C001056
141,D000618,C001056
141,F000463,C001056
141,F000444,C001056
141,G000359,C001056
141,G000386,C001056
141,H001041,C001056
141,H001061,C001056
141,I000024,C001056
141,I000055,C001056
141,J000293,C001056
141,K000360,C001056
141,M000934,C001056
141,P000603,C001056
141,P000449,C001056
141,R000307,C001056
141,R000595,C001056
141,S001184,C001056
141,T000250,C001056
141,T000476,C001056
141,T000461,C001056
141,W000437,C001056
141,S000320,C001056
141,L000575,C001056
141,V000127,C001056
141,G000562,C001056
141,E000295,C001056
141,C001047,C001056
141,R000605,C001056
141,C001095,C001056
141,P000612,C001056
141,M000303,C001056
1410,M000133,M000133
1410,C001070,M000133
1411,E000295,E000295
1411,K000360,E000295
1411,R000595,E000295
1411,F000463,E000295
1412,F000457,F000457
1412,P000449,F000457
1412,M001111,F000457
1412,C001035,F000457
1412,K000383,F000457
1412,K000367,F000457
1413,C000542,C000542
1413,H000338,C000542
1414,R000122,R000122
1414,W000802,R000122
1415,H001069,H001069
1415,K000383,H001069
1416,F000444,F000444
1416,M000303,F000444
1416,L000577,F000444
1416,H000338,F000444
1417,R000307,R000307
1418,G000386,G000386
1419,T000464,T000464
1419,S001194,T000464
1419,U000039,T000464
1419,H001046,T000464
1419,H001069,T000464
142,N000032,N000032
142,A000368,N000032
1420,C000127,C000127
1421,H000338,H000338
1421,K000367,H000338
1421,S001184,H000338
1421,K000360,H000338
1421,M000639,H000338
1421,T000476,H000338
1421,B001288,H000338
1422,H001046,H001046
1422,B001288,H001046
1423,B000711,B000711
1424,G000555,G000555
1424,P000449,G000555
1424,S000770,G000555
1424,K000360,G000555
1424,P000595,G000555
1424,B001230,G000555
1424,B000944,G000555
1424,L000174,G000555
1424,M001169,G000555
1424,B001277,G000555
1425,C001047,C001047
1426,T000464,T000464
1426,W000437,T000464
1426,K000360,T000464
1426,B001236,T000464
1426,P000603,T000464
1427,S000770,S000770
1427,P000449,S000770
1428,B001261,B001261
1428,M000133,B001261
1428,C001056,B001261
1428,H001046,B001261
1428,U000039,B001261
1428,H000338,B001261
1428,L000577,B001261
1428,F000444,B001261
1428,G000562,B001261
1428,B001267,B001261
1429,T000250,T000250
1429,S000770,T000250
1429,I000024,T000250
1429,W000779,T000250
1429,B000575,T000250
1429,C000567,T000250
1429,K000367,T000250
1429,C000127,T000250
143,W000437,W000437
143,B001236,W000437
143,H000338,W000437
143,C000127,W000437
1430,N000032,N000032
1430,M000133,N000032
1431,M001183,M001183
1431,K000383,M001183
1431,C001047,M001183
1431,M001170,M001183
1431,S001181,M001183
1431,F000062,M001183
1431,C001095,M001183
1432,C000127,C000127
1433,K000367,K000367
1433,H001061,K000367
1433,M001153,K000367
1433,B001288,K000367
1434,H001046,H001046
1434,K000383,H001046
1434,F000457,H001046
1434,W000802,H001046
1434,S001194,H001046
1434,W000817,H001046
1434,U000039,H001046
1435,C001070,C001070
1436,R000146,R000146
1436,H001041,R000146
1437,B001261,B001261
1437,F000062,B001261
1437,T000476,B001261
1437,B000711,B001261
1437,E000285,B001261
1437,B001135,B001261
1438,A000368,A000368
1438,G000562,A000368
1438,E000295,A000368
1438,B001135,A000368
1438,J000293,A000368
1438,T000476,A000368
1438,H001041,A000368
1438,T000461,A000368
1438,M001153,A000368
1439,G000386,G000386
1439,R000122,G000386
144,C000880,C000880
144,C001098,C000880
144,L000575,C000880
144,L000577,C000880
144,P000603,C000880
144,R000584,C000880
144,S000320,C000880
144,I000024,C000880
144,C001095,C000880
1440,W000779,W000779
1440,W000817,W000779
1440,M001176,W000779
1440,M000133,W000779
1441,P000603,P000603
1441,S001194,P000603
1442,F000444,F000444
1442,B001288,F000444
1443,M001153,M001153
1443,S001198,M001153
1443,C000880,M001153
1444,P000595,P000595
1444,S001198,P000595
1444,G000555,P000595
1444,M001153,P000595
1444,S000770,P000595
1445,F000463,F000463
1445,C000127,F000463
1445,P000595,F000463
1445,S001184,F000463
1446,H001069,H001069
1446,C001035,H001069
1446,G000555,H001069
1446,L000174,H001069
1446,S001198,H001069
1446,A000368,H001069
1447,C001088,C001088
1447,C001035,C001088
1448,W000779,W000779
1448,M001176,W000779
1449,S000770,S000770
1449,P000595,S000770
145,F000444,F000444
145,A000360,F000444
145,B001267,F000444
145,C001071,F000444
145,G000562,F000444
145,L000577,F000444
145,M000303,F000444
145,H000338,F000444
145,T000250,F000444
145,I000024,F000444
145,H001046,F000444
1450,H001042,H001042
1451,H001042,H001042
1452,H001042,H001042
1453,S000148,S000148
1454,F000463,F000463
1454,B000575,F000463
1454,C000880,F000463
1455,M000133,M000133
1455,P000603,M000133
1455,F000062,M000133
1455,D000563,M000133
1455,H001042,M000133
1455,B000944,M000133
1455,B001230,M000133
1455,F000457,M000133
1455,C001070,M000133
1455,S001181,M000133
1455,K000383,M000133
1455,L000174,M000133
1455,S000033,M000133
1455,C001035,M000133
1455,M001176,M000133
1455,R000122,M000133
1455,M001169,M000133
1455,M000639,M000133
1455,H000338,M000133
1455,G000555,M000133
1455,B001277,M000133
1456,C000127,C000127
1456,T000250,C000127
1456,M001111,C000127
1457,T000464,T000464
1458,C000542,C000542
1458,M001183,C000542
1458,C001047,C000542
1458,T000461,C000542
1458,H001061,C000542
1458,C000880,C000542
1458,R000584,C000542
1458,V000127,C000542
1458,R000307,C000542
1458,H000338,C000542
1458,M000934,C000542
1458,H001041,C000542
1458,C001095,C000542
1458,S001198,C000542
1458,B001261,C000542
1458,W000437,C000542
1458,B000575,C000542
1458,B001236,C000542
1458,D000618,C000542
1458,E000285,C000542
1458,R000605,C000542
1458,M000355,C000542
1458,P000603,C000542
1459,S000148,S000148
1459,C001035,S000148
1459,L000174,S000148
1459,M001176,S000148
1459,S001181,S000148
1459,M001183,S000148
146,F000444,F000444
146,L000577,F000444
146,M000303,F000444
146,H000338,F000444
146,I000024,F000444
146,A000360,F000444
1460,B000944,B000944
1460,T000476,B000944
1460,B001277,B000944
1460,C001088,B000944
1461,T000250,T000250
1461,C000127,T000250
1461,M000934,T000250
1461,T000464,T000250
1461,S000770,T000250
1461,S000148,T000250
1461,H001069,T000250
1461,R000605,T000250
1462,S000148,S000148
1462,D000563,S000148
1462,G000555,S000148
1462,B000711,S000148
1462,F000062,S000148
1462,S000033,S000148
1462,M001176,S000148
1463,M000934,M000934
1463,B001277,M000934
1463,W000779,M000934
1463,B000944,M000934
1463,K000383,M000934
1463,C001035,M000934
1463,H001061,M000934
1464,S000148,S000148
1465,K000360,K000360
1465,T000250,K000360
1466,K000360,K000360
1466,M000639,K000360
1466,B001135,K000360
1466,S000148,K000360
1466,C000174,K000360
1466,D000563,K000360
1466,G000386,K000360
1466,R000307,K000360
1466,H001041,K000360
1466,P000449,K000360
1467,G000555,G000555
1467,B001277,G000555
1467,B001288,G000555
1467,S001194,G000555
1468,W000805,W000805
1468,M000303,W000805
1468,K000384,W000805
1469,F000062,F000062
1469,K000383,F000062
1469,W000802,F000062
147,M001153,M001153
1470,V000127,V000127
1471,P000603,P000603
1471,W000779,P000603
1471,G000555,P000603
1472,M001169,M001169
1472,B001288,M001169
1472,W000779,M001169
1472,M000133,M001169
1472,W000817,M001169
1472,B001277,M001169
1473,M000133,M000133
1473,S001194,M000133
1473,B001277,M000133
1473,W000817,M000133
1473,S000148,M000133
1473,D000563,M000133
1473,M001169,M000133
1473,G000555,M000133
1473,W000802,M000133
1473,H001042,M000133
1473,M001111,M000133
1473,B000711,M000133
1473,W000779,M000133
1473,C000141,M000133
1473,R000122,M000133
1473,B001230,M000133
1473,K000384,M000133
1473,S000770,M000133
1473,S000033,M000133
1473,C001070,M000133
1474,M000133,M000133
1474,W000817,M000133
1474,G000555,M000133
1475,B001261,B001261
1475,C001047,B001261
1476,B000711,B000711
1476,B001288,B000711
1476,M000702,B000711
1476,M000133,B000711
1476,F000457,B000711
1476,G000555,B000711
1476,M001176,B000711
1476,S000148,B000711
1476,M001111,B000711
1476,C001088,B000711
1477,R000605,R000605
1478,R000605,R000605
1479,I000024,I000024
1479,M000133,I000024
1479,R000605,I000024
1479,B000711,I000024
1479,C000880,I000024
1479,B001288,I000024
1479,M001169,I000024
1479,W000802,I000024
1479,G000555,I000024
1479,C000174,I000024
1479,B000944,I000024
1479,M001176,I000024
148,P000449,P000449
148,C000141,P000449
148,H001061,P000449
148,C001070,P000449
148,B001267,P000449
148,G000386,P000449
148,G000562,P000449
148,T000250,P000449
148,P000603,P000449
1480,B001267,B001267
1481,D000563,D000563
1481,W000802,D000563
1482,G000386,G000386
1482,L000174,G000386
1482,L000577,G000386
1483,A000360,A000360
1483,M001169,A000360
1484,S000320,S000320
1485,B001230,B001230
1486,D000563,D000563
1486,B000944,D000563
1486,R000122,D000563
1486,W000817,D000563
1486,S000033,D000563
1486,B001230,D000563
1487,D000618,D000618
1487,L000575,D000618
1487,B000575,D000618
1488,N000032,N000032
1488,C001035,N000032
1489,R000595,R000595
1489,M000639,R000595
1489,H000338,R000595
1489,C001095,R000595
1489,C001098,R000595
1489,G000562,R000595
1489,V000127,R000595
1489,K000360,R000595
1489,P000612,R000595
149,H000338,H000338
149,K000367,H000338
149,T000461,H000338
149,D000607,H000338
149,B001135,H000338
149,F000457,H000338
149,P000449,H000338
149,C001070,H000338
149,C000542,H000338
149,S001181,H000338
149,A000360,H000338
149,A000368,H000338
149,C001075,H000338
149,I000055,H000338
149,M001153,H000338
149,S001184,H000338
149,W000437,H000338
149,B001261,H000338
149,C001035,H000338
149,C000880,H000338
149,G000562,H000338
149,I000024,H000338
149,K000360,H000338
149,M000934,H000338
149,R000307,H000338
149,B000575,H000338
149,C001047,H000338
149,L000575,H000338
149,F000444,H000338
149,L000577,H000338
149,T000476,H000338
149,C001095,H000338
149,J000293,H000338
149,G000386,H000338
149,H001061,H000338
149,H001041,H000338
149,R000595,H000338
149,G000359,H000338
149,B001236,H000338
149,M000303,H000338
149,B001277,H000338
1490,K000367,K000367
1490,C001035,K000367
1490,A000368,K000367
1490,S001181,K000367
1490,S001194,K000367
1490,M001170,K000367
1490,D000618,K000367
1491,B000944,B000944
1491,R000122,B000944
1491,S000148,B000944
1491,M000639,B000944
1491,T000464,B000944
1491,W000805,B000944
1491,M001176,B000944
1491,W000817,B000944
1491,H001069,B000944
1491,D000607,B000944
1491,C001088,B000944
1491,B001230,B000944
1491,F000457,B000944
1491,K000367,B000944
1491,D000563,B000944
1491,C001070,B000944
1492,S001198,S001198
1493,B001277,B001277
1494,M001111,M001111
